id,post_url,location,price,caption,public_phone,public_email,is_direct_owner,in_target_location,posted_days_ago,scam_risk_score,base_score
EX1,https://facebook.com/groups/example/1,Bukit Mertajam,450000,"Owner jual rumah teres 2 tingkat Bukit Mertajam. Nak lantik seorang ejen sahaja. WhatsApp 012-3456789",012-3456789,,yes,yes,1,10,77
EX2,https://facebook.com/groups/example/2,Sungai Petani,380000,"Rumah semi-D Sg Petani. Perlukan ejen untuk uruskan jualan, owner kerja di KL",012-7776655,,yes,yes,2,12,74
EX3,https://facebook.com/marketplace/example/3,Bayan Lepas,520000,"Condo Bayan Lepas dekat FTZ. Agents are welcome, boleh co-broke",013-2223344,,yes,yes,2,15,70
EX4,https://facebook.com/groups/example/4,Alor Setar,300000,"Rumah teres setingkat Alor Star, owner sendiri. Agent boleh PM",013-9990001,,yes,yes,1,20,69
EX5,https://facebook.com/groups/example/5,George Town,880000,"Exclusive listing. Contact appointed agent: Ahmad Faizal REN 31234",019-8887766,,no,yes,1,5,65
EX6,https://facebook.com/groups/example/6,Kulim,350000,"Rumah teres Kulim Hi-Tech, direct owner, freehold",011-1234567,,yes,yes,3,20,72
EX7,https://facebook.com/groups/example/7,Jitra,280000,"Ejen jangan hubungi. Direct buyer only",012-9998877,,yes,yes,1,10,75
EX8,https://facebook.com/marketplace/example/8,Butterworth,410000,"Apartment Butterworth. Looking for exclusive ag...",,owner@example.com,yes,yes,2,10,68
EX9,https://facebook.com/groups/example/9,Langkawi,750000,"Homestay Kuah Langkawi. No agent please, owner deal only",016-4443322,,yes,yes,1,10,70
EX10,https://facebook.com/groups/example/10,Seberang Jaya,560000,"Saya owner dan perlukan agent jualkan rumah Seberang Jaya",017-5554433,,yes,yes,0,8,80
